-- phpMyAdmin SQL Dump
-- version 5.2.1
-- https://www.phpmyadmin.net/
--
-- Host: 127.0.0.1
-- Erstellungszeit: 09. Jun 2026 um 20:51
-- Server-Version: 10.4.32-MariaDB
-- PHP-Version: 8.2.12

SET SQL_MODE = "NO_AUTO_VALUE_ON_ZERO";
START TRANSACTION;
SET time_zone = "+00:00";


/*!40101 SET @OLD_CHARACTER_SET_CLIENT=@@CHARACTER_SET_CLIENT */;
/*!40101 SET @OLD_CHARACTER_SET_RESULTS=@@CHARACTER_SET_RESULTS */;
/*!40101 SET @OLD_COLLATION_CONNECTION=@@COLLATION_CONNECTION */;
/*!40101 SET NAMES utf8mb4 */;

--
-- Datenbank: `diplomprojekt`
--
CREATE DATABASE IF NOT EXISTS `diplomprojekt` DEFAULT CHARACTER SET utf8mb4 COLLATE utf8mb4_general_ci;
USE `diplomprojekt`;

-- --------------------------------------------------------

--
-- Tabellenstruktur für Tabelle `abwesenheiten`
--

CREATE TABLE `abwesenheiten` (
  `abwesenheit_id` int(11) NOT NULL,
  `benutzer_id` int(11) DEFAULT NULL,
  `abwesenheit_beginn` date NOT NULL,
  `abwesenheit_ende` date NOT NULL,
  `abwesenheit_typ` enum('Urlaub','Krank','Pflegeurlaub','Zeitausgleich','Verspätung','Persönlicher Feiertag','Sonstiges') DEFAULT NULL,
  `status` enum('Ausstehend','Genehmigt','Abgelehnt') DEFAULT NULL,
  `grund` text DEFAULT NULL,
  `verspätungszeit` time DEFAULT NULL
) ENGINE=InnoDB DEFAULT CHARSET=utf8mb4 COLLATE=utf8mb4_general_ci;

--
-- Daten für Tabelle `abwesenheiten`
--

INSERT INTO `abwesenheiten` (`abwesenheit_id`, `benutzer_id`, `abwesenheit_beginn`, `abwesenheit_ende`, `abwesenheit_typ`, `status`, `grund`, `verspätungszeit`) VALUES
(1, 3, '2026-04-01', '2026-04-05', 'Urlaub', 'Genehmigt', NULL, NULL),
(2, 4, '2026-03-22', '2026-03-26', 'Krank', 'Abgelehnt', NULL, NULL),
(6, 1, '2026-03-25', '2026-03-26', 'Zeitausgleich', 'Genehmigt', '', NULL),
(9, 1, '2026-04-24', '2026-04-27', 'Krank', 'Genehmigt', '', NULL),
(28, 2, '2026-05-04', '2026-05-22', 'Urlaub', 'Genehmigt', '', NULL),
(31, 2, '2026-04-27', '2026-04-28', 'Urlaub', 'Abgelehnt', '', NULL),
(32, 2, '2026-04-27', '2026-04-28', 'Urlaub', 'Abgelehnt', '', NULL),
(33, 3, '2026-05-11', '2026-05-11', 'Verspätung', 'Genehmigt', '', '03:00:00'),
(38, 3, '2026-05-12', '2026-05-13', 'Urlaub', 'Genehmigt', NULL, NULL);

-- --------------------------------------------------------

--
-- Tabellenstruktur für Tabelle `anstellungsarten`
--

CREATE TABLE `anstellungsarten` (
  `art_id` int(11) NOT NULL,
  `bezeichnung` varchar(50) NOT NULL,
  `soll_stunden_pro_tag` time DEFAULT NULL
) ENGINE=InnoDB DEFAULT CHARSET=utf8mb4 COLLATE=utf8mb4_general_ci;

--
-- Daten für Tabelle `anstellungsarten`
--

INSERT INTO `anstellungsarten` (`art_id`, `bezeichnung`, `soll_stunden_pro_tag`) VALUES
(1, 'Vollzeit (38.5h)', '08:12:00'),
(2, 'Teilzeit (20h)', '04:00:00'),
(3, 'Geringfügig (8h)', '00:00:05');

-- --------------------------------------------------------

--
-- Tabellenstruktur für Tabelle `anstellungsart_verlauf`
--

CREATE TABLE `anstellungsart_verlauf` (
  `verlauf_id` int(11) NOT NULL,
  `benutzer_id` int(11) NOT NULL,
  `anstellungs_art_id` int(11) NOT NULL,
  `gueltig_ab` date NOT NULL
) ENGINE=InnoDB DEFAULT CHARSET=utf8mb4 COLLATE=utf8mb4_general_ci;

--
-- Daten für Tabelle `anstellungsart_verlauf`
--

INSERT INTO `anstellungsart_verlauf` (`verlauf_id`, `benutzer_id`, `anstellungs_art_id`, `gueltig_ab`) VALUES
(1, 1, 1, '2023-01-15'),
(2, 2, 1, '2023-03-01'),
(3, 3, 2, '2024-05-20'),
(4, 4, 2, '0000-00-00'),
(5, 5, 1, '2022-10-01'),
(6, 206, 1, '2026-04-26'),
(8, 2, 2, '2026-06-01'),
(9, 2, 1, '2026-06-01'),
(10, 3, 1, '2026-05-11'),
(11, 3, 2, '2026-05-04'),
(12, 3, 1, '2026-05-04'),
(13, 2, 2, '2026-05-09'),
(14, 2, 1, '2026-05-09'),
(15, 207, 1, '2026-05-09');

-- --------------------------------------------------------

--
-- Tabellenstruktur für Tabelle `anwesenheitsaufzeichnungen`
--

CREATE TABLE `anwesenheitsaufzeichnungen` (
  `anwesenheit_id` int(11) NOT NULL,
  `benutzer_id` int(11) DEFAULT NULL,
  `anwesenheits_datum` date NOT NULL,
  `start_arbeitszeit` time NOT NULL,
  `ende_arbeitszeit` time NOT NULL,
  `stunden_differenz` time DEFAULT NULL
) ENGINE=InnoDB DEFAULT CHARSET=utf8mb4 COLLATE=utf8mb4_general_ci;

--
-- Daten für Tabelle `anwesenheitsaufzeichnungen`
--

INSERT INTO `anwesenheitsaufzeichnungen` (`anwesenheit_id`, `benutzer_id`, `anwesenheits_datum`, `start_arbeitszeit`, `ende_arbeitszeit`, `stunden_differenz`) VALUES
(395, 1, '2026-03-02', '08:00:00', '18:00:00', '10:00:00'),
(396, 1, '2026-03-03', '08:00:00', '18:00:00', '10:00:00'),
(397, 1, '2026-03-04', '07:00:00', '18:00:00', '11:00:00'),
(398, 1, '2026-03-05', '08:00:00', '18:00:00', '10:00:00'),
(399, 2, '2026-03-02', '08:00:00', '17:00:00', '09:00:00'),
(400, 2, '2026-03-03', '08:00:00', '17:00:00', '09:00:00'),
(401, 2, '2026-03-04', '08:00:00', '17:00:00', '09:00:00'),
(413, 1, '2026-01-02', '08:00:00', '17:00:00', '09:00:00'),
(414, 2, '2026-01-02', '08:00:00', '17:00:00', '09:00:00'),
(415, 1, '2026-01-05', '08:30:00', '17:30:00', '09:00:00'),
(416, 2, '2026-01-05', '08:30:00', '17:30:00', '09:00:00'),
(417, 1, '2026-01-07', '07:45:00', '16:45:00', '09:00:00'),
(418, 2, '2026-01-07', '07:45:00', '16:45:00', '09:00:00'),
(419, 1, '2026-01-08', '08:00:00', '16:30:00', '08:30:00'),
(420, 2, '2026-01-08', '08:00:00', '16:30:00', '08:30:00'),
(421, 1, '2026-01-09', '08:15:00', '17:15:00', '09:00:00'),
(422, 2, '2026-01-09', '08:15:00', '17:15:00', '09:00:00'),
(423, 1, '2026-01-12', '07:30:00', '16:30:00', '09:00:00'),
(424, 2, '2026-01-12', '07:30:00', '16:30:00', '09:00:00'),
(425, 1, '2026-01-13', '08:00:00', '17:00:00', '09:00:00'),
(426, 2, '2026-01-13', '08:00:00', '17:00:00', '09:00:00'),
(427, 1, '2026-01-14', '08:00:00', '17:00:00', '09:00:00'),
(428, 2, '2026-01-14', '08:00:00', '17:00:00', '09:00:00'),
(429, 1, '2026-01-15', '08:30:00', '17:30:00', '09:00:00'),
(431, 1, '2026-01-16', '07:45:00', '16:45:00', '09:00:00'),
(432, 2, '2026-01-16', '07:45:00', '16:45:00', '09:00:00'),
(433, 1, '2026-01-19', '08:00:00', '16:30:00', '08:30:00'),
(434, 2, '2026-01-19', '08:00:00', '16:30:00', '08:30:00'),
(435, 1, '2026-01-20', '08:15:00', '17:15:00', '09:00:00'),
(436, 2, '2026-01-20', '08:15:00', '17:15:00', '09:00:00'),
(437, 1, '2026-01-21', '07:30:00', '16:30:00', '09:00:00'),
(438, 2, '2026-01-21', '07:30:00', '16:30:00', '09:00:00'),
(439, 1, '2026-01-22', '08:00:00', '17:00:00', '09:00:00'),
(440, 2, '2026-01-22', '08:00:00', '17:00:00', '09:00:00'),
(441, 1, '2026-01-23', '08:00:00', '17:00:00', '09:00:00'),
(442, 2, '2026-01-23', '08:00:00', '17:00:00', '09:00:00'),
(443, 1, '2026-01-26', '08:30:00', '17:30:00', '09:00:00'),
(444, 2, '2026-01-26', '08:30:00', '17:30:00', '09:00:00'),
(445, 1, '2026-01-27', '07:45:00', '16:45:00', '09:00:00'),
(446, 2, '2026-01-27', '07:45:00', '16:45:00', '09:00:00'),
(447, 1, '2026-01-28', '08:00:00', '16:30:00', '08:30:00'),
(448, 2, '2026-01-28', '08:00:00', '16:30:00', '08:30:00'),
(449, 1, '2026-01-29', '08:15:00', '17:15:00', '09:00:00'),
(450, 2, '2026-01-29', '08:15:00', '17:15:00', '09:00:00'),
(451, 1, '2026-01-30', '07:30:00', '16:30:00', '09:00:00'),
(452, 2, '2026-01-30', '07:30:00', '16:30:00', '09:00:00'),
(453, 1, '2026-02-02', '08:00:00', '17:00:00', '09:00:00'),
(454, 2, '2026-02-02', '08:00:00', '17:00:00', '09:00:00'),
(455, 1, '2026-02-03', '08:00:00', '17:00:00', '09:00:00'),
(456, 2, '2026-02-03', '08:00:00', '17:00:00', '09:00:00'),
(457, 1, '2026-02-04', '08:30:00', '17:30:00', '09:00:00'),
(458, 2, '2026-02-04', '08:30:00', '17:30:00', '09:00:00'),
(459, 1, '2026-02-05', '07:45:00', '16:45:00', '09:00:00'),
(460, 2, '2026-02-05', '07:45:00', '16:45:00', '09:00:00'),
(461, 1, '2026-02-06', '08:00:00', '16:30:00', '08:30:00'),
(462, 2, '2026-02-06', '08:00:00', '16:30:00', '08:30:00'),
(463, 1, '2026-02-09', '08:15:00', '17:15:00', '09:00:00'),
(464, 2, '2026-02-09', '08:15:00', '17:15:00', '09:00:00'),
(465, 1, '2026-02-10', '07:30:00', '16:30:00', '09:00:00'),
(466, 2, '2026-02-10', '07:30:00', '16:30:00', '09:00:00'),
(467, 1, '2026-02-11', '08:00:00', '17:00:00', '09:00:00'),
(468, 2, '2026-02-11', '08:00:00', '17:00:00', '09:00:00'),
(469, 1, '2026-02-12', '08:00:00', '17:00:00', '09:00:00'),
(470, 2, '2026-02-12', '08:00:00', '17:00:00', '09:00:00'),
(471, 1, '2026-02-13', '08:30:00', '17:30:00', '09:00:00'),
(472, 2, '2026-02-13', '08:30:00', '17:30:00', '09:00:00'),
(473, 1, '2026-02-16', '07:45:00', '16:45:00', '09:00:00'),
(474, 2, '2026-02-16', '07:45:00', '16:45:00', '09:00:00'),
(475, 1, '2026-02-17', '08:00:00', '16:30:00', '08:30:00'),
(476, 2, '2026-02-17', '08:00:00', '16:30:00', '08:30:00'),
(477, 1, '2026-02-18', '08:15:00', '17:15:00', '09:00:00'),
(478, 2, '2026-02-18', '08:15:00', '17:15:00', '09:00:00'),
(479, 1, '2026-02-19', '07:30:00', '16:30:00', '09:00:00'),
(480, 2, '2026-02-19', '07:30:00', '16:30:00', '09:00:00'),
(481, 1, '2026-02-20', '08:00:00', '17:00:00', '09:00:00'),
(482, 2, '2026-02-20', '08:00:00', '17:00:00', '09:00:00'),
(483, 1, '2026-02-23', '08:00:00', '17:00:00', '09:00:00'),
(484, 2, '2026-02-23', '08:00:00', '17:00:00', '09:00:00'),
(485, 1, '2026-02-24', '08:30:00', '17:30:00', '09:00:00'),
(486, 2, '2026-02-24', '08:30:00', '17:30:00', '09:00:00'),
(487, 1, '2026-02-25', '07:45:00', '16:45:00', '09:00:00'),
(488, 2, '2026-02-25', '07:45:00', '16:45:00', '09:00:00'),
(489, 1, '2026-02-26', '08:00:00', '16:30:00', '08:30:00'),
(490, 2, '2026-02-26', '08:00:00', '16:30:00', '08:30:00'),
(491, 1, '2026-02-27', '08:15:00', '17:15:00', '09:00:00'),
(492, 2, '2026-02-27', '08:15:00', '17:15:00', '09:00:00'),
(493, 2, '2026-03-05', '08:30:00', '17:30:00', '09:00:00'),
(494, 1, '2026-03-06', '07:45:00', '16:45:00', '09:00:00'),
(495, 2, '2026-03-06', '07:45:00', '16:45:00', '09:00:00'),
(496, 1, '2026-03-09', '08:00:00', '16:30:00', '08:30:00'),
(497, 2, '2026-03-09', '08:00:00', '16:30:00', '08:30:00'),
(498, 1, '2026-03-10', '08:15:00', '17:15:00', '09:00:00'),
(499, 2, '2026-03-10', '08:15:00', '17:15:00', '09:00:00'),
(500, 1, '2026-03-11', '07:30:00', '16:30:00', '09:00:00'),
(501, 2, '2026-03-11', '07:30:00', '16:30:00', '09:00:00'),
(502, 1, '2026-03-12', '08:00:00', '17:00:00', '09:00:00'),
(503, 2, '2026-03-12', '08:00:00', '17:00:00', '09:00:00'),
(504, 1, '2026-03-13', '08:00:00', '17:00:00', '09:00:00'),
(505, 2, '2026-03-13', '08:00:00', '17:00:00', '09:00:00'),
(506, 1, '2026-03-16', '08:30:00', '17:30:00', '09:00:00'),
(507, 2, '2026-03-16', '08:30:00', '17:30:00', '09:00:00'),
(508, 1, '2026-03-17', '07:45:00', '16:45:00', '09:00:00'),
(509, 2, '2026-03-17', '07:45:00', '16:45:00', '09:00:00'),
(510, 1, '2026-03-18', '08:00:00', '16:30:00', '08:30:00'),
(511, 2, '2026-03-18', '08:00:00', '16:30:00', '08:30:00'),
(512, 1, '2026-03-19', '08:15:00', '17:15:00', '09:00:00'),
(513, 2, '2026-03-19', '08:15:00', '17:15:00', '09:00:00'),
(514, 1, '2026-03-20', '07:30:00', '16:30:00', '09:00:00'),
(515, 2, '2026-03-20', '07:30:00', '16:30:00', '09:00:00'),
(519, 1, '2026-03-25', '08:00:00', '15:42:00', '07:42:00'),
(520, 1, '2026-03-26', '08:00:00', '15:42:00', '07:42:00'),
(533, 2, '2026-04-20', '08:00:00', '17:00:00', '08:30:00'),
(536, 3, '2026-01-02', '08:00:00', '12:00:00', '04:00:00'),
(537, 3, '2026-01-05', '08:00:00', '11:40:00', '03:40:00'),
(538, 3, '2026-01-07', '08:00:00', '12:20:00', '04:20:00'),
(539, 3, '2026-01-08', '08:00:00', '11:50:00', '03:50:00'),
(540, 3, '2026-01-09', '08:00:00', '12:30:00', '04:30:00'),
(541, 3, '2026-01-12', '08:00:00', '11:45:00', '03:45:00'),
(542, 3, '2026-01-13', '08:00:00', '12:15:00', '04:15:00'),
(543, 3, '2026-01-14', '08:00:00', '12:05:00', '04:05:00'),
(544, 3, '2026-01-15', '08:00:00', '11:55:00', '03:55:00'),
(545, 3, '2026-01-16', '08:00:00', '12:00:00', '04:00:00'),
(546, 3, '2026-01-19', '08:00:00', '11:40:00', '03:40:00'),
(547, 3, '2026-01-20', '08:00:00', '12:20:00', '04:20:00'),
(548, 3, '2026-01-21', '08:00:00', '11:50:00', '03:50:00'),
(549, 3, '2026-01-22', '08:00:00', '12:30:00', '04:30:00'),
(550, 3, '2026-01-23', '08:00:00', '11:45:00', '03:45:00'),
(551, 3, '2026-01-26', '08:00:00', '12:15:00', '04:15:00'),
(552, 3, '2026-01-27', '08:00:00', '12:05:00', '04:05:00'),
(553, 3, '2026-01-28', '08:00:00', '11:55:00', '03:55:00'),
(554, 3, '2026-01-29', '08:00:00', '12:00:00', '04:00:00'),
(555, 3, '2026-01-30', '08:00:00', '11:40:00', '03:40:00'),
(556, 3, '2026-02-02', '08:00:00', '12:20:00', '04:20:00'),
(557, 3, '2026-02-03', '08:00:00', '11:50:00', '03:50:00'),
(558, 3, '2026-02-04', '08:00:00', '12:30:00', '04:30:00'),
(559, 3, '2026-02-05', '08:00:00', '11:45:00', '03:45:00'),
(560, 3, '2026-02-06', '08:00:00', '12:15:00', '04:15:00'),
(561, 3, '2026-02-09', '08:00:00', '12:05:00', '04:05:00'),
(562, 3, '2026-02-10', '08:00:00', '11:55:00', '03:55:00'),
(563, 3, '2026-02-11', '08:00:00', '12:00:00', '04:00:00'),
(564, 3, '2026-02-12', '08:00:00', '11:40:00', '03:40:00'),
(565, 3, '2026-02-13', '08:00:00', '12:20:00', '04:20:00'),
(566, 3, '2026-02-16', '08:00:00', '11:50:00', '03:50:00'),
(567, 3, '2026-02-17', '08:00:00', '12:30:00', '04:30:00'),
(568, 3, '2026-02-18', '08:00:00', '11:45:00', '03:45:00'),
(569, 3, '2026-02-19', '08:00:00', '12:15:00', '04:15:00'),
(570, 3, '2026-02-20', '08:00:00', '12:05:00', '04:05:00'),
(571, 3, '2026-02-23', '08:00:00', '11:55:00', '03:55:00'),
(572, 3, '2026-02-24', '08:00:00', '12:00:00', '04:00:00'),
(573, 3, '2026-02-25', '08:00:00', '11:40:00', '03:40:00'),
(574, 3, '2026-02-26', '08:00:00', '12:20:00', '04:20:00'),
(575, 3, '2026-02-27', '08:00:00', '11:50:00', '03:50:00'),
(576, 3, '2026-03-02', '08:00:00', '12:30:00', '04:30:00'),
(577, 3, '2026-03-03', '08:00:00', '11:45:00', '03:45:00'),
(578, 3, '2026-03-04', '08:00:00', '12:15:00', '04:15:00'),
(579, 3, '2026-03-05', '08:00:00', '12:05:00', '04:05:00'),
(580, 3, '2026-03-06', '08:00:00', '11:55:00', '03:55:00'),
(581, 3, '2026-03-09', '08:00:00', '12:00:00', '04:00:00'),
(582, 3, '2026-03-10', '08:00:00', '11:40:00', '03:40:00'),
(583, 3, '2026-03-11', '08:00:00', '12:20:00', '04:20:00'),
(584, 3, '2026-03-12', '08:00:00', '11:50:00', '03:50:00'),
(585, 3, '2026-03-13', '08:00:00', '12:30:00', '04:30:00'),
(586, 3, '2026-03-16', '08:00:00', '11:45:00', '03:45:00'),
(587, 3, '2026-03-17', '08:00:00', '12:15:00', '04:15:00'),
(588, 3, '2026-03-18', '08:00:00', '12:05:00', '04:05:00'),
(589, 3, '2026-03-19', '08:00:00', '11:55:00', '03:55:00'),
(590, 3, '2026-03-20', '08:00:00', '12:00:00', '04:00:00'),
(591, 3, '2026-03-23', '08:00:00', '11:40:00', '03:40:00'),
(592, 3, '2026-03-24', '08:00:00', '12:20:00', '04:20:00'),
(593, 3, '2026-03-25', '08:00:00', '11:50:00', '03:50:00'),
(594, 3, '2026-03-26', '08:00:00', '12:30:00', '04:30:00'),
(595, 3, '2026-03-27', '08:00:00', '11:45:00', '03:45:00'),
(596, 3, '2026-03-30', '08:00:00', '12:15:00', '04:15:00'),
(597, 3, '2026-03-31', '08:00:00', '12:05:00', '04:05:00'),
(598, 3, '2026-04-01', '08:00:00', '11:55:00', '03:55:00'),
(599, 3, '2026-04-02', '08:00:00', '12:00:00', '04:00:00'),
(600, 3, '2026-04-07', '08:00:00', '11:40:00', '03:40:00'),
(601, 3, '2026-04-08', '08:00:00', '12:20:00', '04:20:00'),
(602, 3, '2026-04-09', '08:00:00', '11:50:00', '03:50:00'),
(603, 3, '2026-04-10', '08:00:00', '12:30:00', '04:30:00'),
(604, 3, '2026-04-13', '08:00:00', '11:45:00', '03:45:00'),
(605, 3, '2026-04-14', '08:00:00', '12:15:00', '04:15:00'),
(606, 3, '2026-04-15', '08:00:00', '12:05:00', '04:05:00'),
(608, 3, '2026-04-17', '08:00:00', '12:00:00', '04:00:00'),
(609, 3, '2026-04-20', '08:00:00', '11:40:00', '03:40:00'),
(610, 3, '2026-04-21', '08:00:00', '12:20:00', '04:20:00'),
(611, 3, '2026-04-22', '08:00:00', '11:50:00', '03:50:00'),
(612, 4, '2026-01-02', '08:00:00', '11:45:00', '03:45:00'),
(613, 4, '2026-01-05', '08:00:00', '12:15:00', '04:15:00'),
(614, 4, '2026-01-07', '08:00:00', '12:05:00', '04:05:00'),
(615, 4, '2026-01-08', '08:00:00', '11:55:00', '03:55:00'),
(616, 4, '2026-01-09', '08:00:00', '12:00:00', '04:00:00'),
(617, 4, '2026-01-12', '08:00:00', '11:40:00', '03:40:00'),
(618, 4, '2026-01-13', '08:00:00', '12:20:00', '04:20:00'),
(619, 4, '2026-01-14', '08:00:00', '11:50:00', '03:50:00'),
(620, 4, '2026-01-15', '08:00:00', '12:30:00', '04:30:00'),
(621, 4, '2026-01-16', '08:00:00', '11:45:00', '03:45:00'),
(622, 4, '2026-01-19', '08:00:00', '12:15:00', '04:15:00'),
(623, 4, '2026-01-20', '08:00:00', '12:05:00', '04:05:00'),
(624, 4, '2026-01-21', '08:00:00', '11:55:00', '03:55:00'),
(625, 4, '2026-01-22', '08:00:00', '12:00:00', '04:00:00'),
(626, 4, '2026-01-23', '08:00:00', '11:40:00', '03:40:00'),
(627, 4, '2026-01-26', '08:00:00', '12:20:00', '04:20:00'),
(628, 4, '2026-01-27', '08:00:00', '11:50:00', '03:50:00'),
(629, 4, '2026-01-28', '08:00:00', '12:30:00', '04:30:00'),
(630, 4, '2026-01-29', '08:00:00', '11:45:00', '03:45:00'),
(631, 4, '2026-01-30', '08:00:00', '12:15:00', '04:15:00'),
(632, 4, '2026-02-02', '08:00:00', '12:05:00', '04:05:00'),
(633, 4, '2026-02-03', '08:00:00', '11:55:00', '03:55:00'),
(634, 4, '2026-02-04', '08:00:00', '12:00:00', '04:00:00'),
(635, 4, '2026-02-05', '08:00:00', '11:40:00', '03:40:00'),
(636, 4, '2026-02-06', '08:00:00', '12:20:00', '04:20:00'),
(637, 4, '2026-02-09', '08:00:00', '11:50:00', '03:50:00'),
(638, 4, '2026-02-10', '08:00:00', '12:30:00', '04:30:00'),
(639, 4, '2026-02-11', '08:00:00', '11:45:00', '03:45:00'),
(640, 4, '2026-02-12', '08:00:00', '12:15:00', '04:15:00'),
(641, 4, '2026-02-13', '08:00:00', '12:05:00', '04:05:00'),
(642, 4, '2026-02-16', '08:00:00', '11:55:00', '03:55:00'),
(643, 4, '2026-02-17', '08:00:00', '12:00:00', '04:00:00'),
(644, 4, '2026-02-18', '08:00:00', '11:40:00', '03:40:00'),
(645, 4, '2026-02-19', '08:00:00', '12:20:00', '04:20:00'),
(646, 4, '2026-02-20', '08:00:00', '11:50:00', '03:50:00'),
(647, 4, '2026-02-23', '08:00:00', '12:30:00', '04:30:00'),
(648, 4, '2026-02-24', '08:00:00', '11:45:00', '03:45:00'),
(649, 4, '2026-02-25', '08:00:00', '12:15:00', '04:15:00'),
(650, 4, '2026-02-26', '08:00:00', '12:05:00', '04:05:00'),
(651, 4, '2026-02-27', '08:00:00', '11:55:00', '03:55:00'),
(652, 4, '2026-03-02', '08:00:00', '12:00:00', '04:00:00'),
(653, 4, '2026-03-03', '08:00:00', '11:40:00', '03:40:00'),
(654, 4, '2026-03-04', '08:00:00', '12:20:00', '04:20:00'),
(655, 4, '2026-03-05', '08:00:00', '11:50:00', '03:50:00'),
(656, 4, '2026-03-06', '08:00:00', '12:30:00', '04:30:00'),
(657, 4, '2026-03-09', '08:00:00', '11:45:00', '03:45:00'),
(658, 4, '2026-03-10', '08:00:00', '12:15:00', '04:15:00'),
(659, 4, '2026-03-11', '08:00:00', '12:05:00', '04:05:00'),
(660, 4, '2026-03-12', '08:00:00', '11:55:00', '03:55:00'),
(661, 4, '2026-03-13', '08:00:00', '12:00:00', '04:00:00'),
(662, 4, '2026-03-16', '08:00:00', '11:40:00', '03:40:00'),
(663, 4, '2026-03-17', '08:00:00', '12:20:00', '04:20:00'),
(664, 4, '2026-03-18', '08:00:00', '11:50:00', '03:50:00'),
(665, 4, '2026-03-19', '08:00:00', '12:30:00', '04:30:00'),
(666, 4, '2026-03-20', '08:00:00', '11:45:00', '03:45:00'),
(667, 4, '2026-03-23', '08:00:00', '12:15:00', '04:15:00'),
(668, 4, '2026-03-24', '08:00:00', '12:05:00', '04:05:00'),
(669, 4, '2026-03-25', '08:00:00', '11:55:00', '03:55:00'),
(670, 4, '2026-03-26', '08:00:00', '12:00:00', '04:00:00'),
(671, 4, '2026-03-27', '08:00:00', '11:40:00', '03:40:00'),
(672, 4, '2026-03-30', '08:00:00', '12:20:00', '04:20:00'),
(673, 4, '2026-03-31', '08:00:00', '11:50:00', '03:50:00'),
(674, 4, '2026-04-01', '08:00:00', '12:30:00', '04:30:00'),
(675, 4, '2026-04-02', '08:00:00', '11:45:00', '03:45:00'),
(676, 4, '2026-04-07', '08:00:00', '12:15:00', '04:15:00'),
(677, 4, '2026-04-08', '08:00:00', '12:05:00', '04:05:00'),
(678, 4, '2026-04-09', '08:00:00', '11:55:00', '03:55:00'),
(679, 4, '2026-04-10', '08:00:00', '12:00:00', '04:00:00'),
(680, 4, '2026-04-13', '08:00:00', '11:40:00', '03:40:00'),
(681, 4, '2026-04-14', '08:00:00', '12:20:00', '04:20:00'),
(682, 4, '2026-04-15', '08:00:00', '11:50:00', '03:50:00'),
(683, 4, '2026-04-16', '08:00:00', '12:30:00', '04:30:00'),
(684, 4, '2026-04-17', '08:00:00', '11:45:00', '03:45:00'),
(685, 4, '2026-04-20', '08:00:00', '12:15:00', '04:15:00'),
(686, 4, '2026-04-21', '08:00:00', '12:05:00', '04:05:00'),
(687, 4, '2026-04-22', '08:00:00', '11:55:00', '03:55:00'),
(688, 2, '2026-03-23', '08:00:00', '16:42:00', '08:12:00'),
(689, 2, '2026-03-24', '08:00:00', '16:30:00', '08:00:00'),
(690, 2, '2026-03-25', '08:00:00', '17:00:00', '08:30:00'),
(691, 2, '2026-03-26', '08:00:00', '16:15:00', '07:45:00'),
(692, 2, '2026-03-27', '08:00:00', '16:45:00', '08:15:00'),
(693, 2, '2026-03-30', '08:00:00', '17:12:00', '08:42:00'),
(694, 2, '2026-03-31', '08:00:00', '16:00:00', '07:30:00'),
(695, 2, '2026-04-01', '08:00:00', '16:18:00', '07:48:00'),
(696, 2, '2026-04-02', '08:00:00', '16:48:00', '08:18:00'),
(697, 2, '2026-04-07', '08:00:00', '16:42:00', '08:12:00'),
(698, 2, '2026-04-08', '08:00:00', '16:30:00', '08:00:00'),
(699, 2, '2026-04-09', '08:00:00', '17:00:00', '08:30:00'),
(700, 2, '2026-04-10', '08:00:00', '16:15:00', '07:45:00'),
(701, 2, '2026-04-13', '08:00:00', '16:45:00', '08:15:00'),
(702, 2, '2026-04-14', '08:00:00', '17:12:00', '08:42:00'),
(703, 2, '2026-04-15', '08:00:00', '16:00:00', '07:30:00'),
(704, 2, '2026-04-16', '08:00:00', '16:18:00', '07:48:00'),
(705, 2, '2026-04-17', '08:00:00', '16:48:00', '08:18:00'),
(707, 2, '2026-04-21', '08:00:00', '16:30:00', '08:00:00'),
(708, 2, '2026-04-22', '08:00:00', '17:00:00', '08:30:00'),
(709, 1, '2026-03-23', '08:00:00', '16:30:00', '08:00:00'),
(710, 1, '2026-03-24', '08:00:00', '17:00:00', '08:30:00'),
(711, 1, '2026-03-25', '08:00:00', '16:15:00', '07:45:00'),
(712, 1, '2026-03-26', '08:00:00', '16:45:00', '08:15:00'),
(713, 1, '2026-03-27', '08:00:00', '17:12:00', '08:42:00'),
(714, 1, '2026-03-30', '08:00:00', '16:00:00', '07:30:00'),
(715, 1, '2026-03-31', '08:00:00', '16:18:00', '07:48:00'),
(716, 1, '2026-04-01', '08:00:00', '16:48:00', '08:18:00'),
(717, 1, '2026-04-02', '08:00:00', '16:42:00', '08:12:00'),
(718, 1, '2026-04-07', '08:00:00', '16:30:00', '08:00:00'),
(719, 1, '2026-04-08', '08:00:00', '17:00:00', '08:30:00'),
(720, 1, '2026-04-09', '08:00:00', '16:15:00', '07:45:00'),
(721, 1, '2026-04-10', '08:00:00', '16:45:00', '08:15:00'),
(722, 1, '2026-04-13', '08:00:00', '17:12:00', '08:42:00'),
(723, 1, '2026-04-14', '08:00:00', '16:00:00', '07:30:00'),
(724, 1, '2026-04-15', '08:00:00', '16:18:00', '07:48:00'),
(725, 1, '2026-04-16', '08:00:00', '16:48:00', '08:18:00'),
(726, 1, '2026-04-17', '08:00:00', '16:42:00', '08:12:00'),
(727, 1, '2026-04-20', '08:00:00', '16:30:00', '08:00:00'),
(728, 1, '2026-04-21', '08:00:00', '17:00:00', '08:30:00'),
(729, 1, '2026-04-22', '08:00:00', '16:15:00', '07:45:00'),
(730, 1, '2026-04-03', '08:00:00', '16:42:00', '08:12:00'),
(732, 1, '2026-04-03', '08:00:00', '16:42:00', '08:12:00'),
(733, 2, '2026-04-03', '08:00:00', '16:30:00', '08:00:00'),
(734, 3, '2026-04-03', '08:00:00', '12:00:00', '04:00:00'),
(735, 4, '2026-04-03', '08:00:00', '11:45:00', '03:45:00'),
(743, 3, '2026-04-16', '08:00:00', '11:55:00', '03:55:00'),
(745, 4, '2026-04-24', '18:59:26', '18:59:45', '00:00:09'),
(779, 2, '2026-05-11', '08:00:00', '16:12:00', '08:12:00'),
(780, 2, '2026-05-12', '08:00:00', '16:12:00', '08:12:00'),
(793, 3, '2026-05-11', '11:00:00', '13:00:00', '02:00:00'),
(800, 3, '2026-05-12', '08:00:00', '12:00:00', '04:00:00'),
(803, 4, '2026-05-04', '08:00:00', '17:00:00', '09:00:00'),
(813, 4, '2026-05-26', '08:00:00', '09:00:00', '01:00:00'),
(819, 2, '2026-04-27', '09:00:00', '10:00:00', '01:00:00'),
(821, 2, '2026-04-27', '10:00:00', '11:00:00', '01:00:00'),
(822, 2, '2026-04-27', '11:00:00', '12:00:00', '01:00:00'),
(823, 2, '2026-04-27', '13:00:00', '17:00:00', '04:00:00'),
(825, 2, '2026-04-28', '08:00:00', '17:00:00', '09:00:00');

-- --------------------------------------------------------

--
-- Tabellenstruktur für Tabelle `benachrichtigungen`
--

CREATE TABLE `benachrichtigungen` (
  `benachrichtigung_id` int(11) NOT NULL,
  `benutzer_id` int(11) DEFAULT NULL,
  `nachricht` text NOT NULL,
  `zeitstempel` datetime NOT NULL,
  `status` enum('Ausstehend','Gesendet','Fehlgeschlagen') DEFAULT NULL,
  `gelesen` tinyint(4) DEFAULT 0,
  `von_benutzer_id` int(11) DEFAULT NULL
) ENGINE=InnoDB DEFAULT CHARSET=utf8mb4 COLLATE=utf8mb4_general_ci;

--
-- Daten für Tabelle `benachrichtigungen`
--

INSERT INTO `benachrichtigungen` (`benachrichtigung_id`, `benutzer_id`, `nachricht`, `zeitstempel`, `status`, `gelesen`, `von_benutzer_id`) VALUES
(1, 2, 'Hallo', '2026-03-21 12:43:54', 'Gesendet', 1, NULL),
(2, 2, 'Hio', '2026-03-21 13:21:25', 'Gesendet', 1, NULL),
(3, 1, 'ssa', '2026-03-22 21:22:40', 'Gesendet', 1, NULL),
(4, 1, 'a', '2026-03-22 21:57:09', 'Gesendet', 1, NULL),
(5, 1, 'ws', '2026-03-23 00:29:50', 'Gesendet', 1, NULL),
(6, 1, 'asda', '2026-03-23 00:29:59', 'Gesendet', 1, NULL),
(7, 1, 'sdsa', '2026-03-23 00:30:01', 'Gesendet', 1, NULL),
(8, 4, 'Komm her', '2026-04-26 16:38:17', 'Gesendet', 1, NULL),
(9, 4, 'asdad', '2026-04-26 16:47:01', 'Gesendet', 1, 2),
(10, 4, 'asdada', '2026-04-26 16:50:44', 'Gesendet', 1, 2),
(11, 4, 'asdd', '2026-04-26 16:50:47', 'Gesendet', 1, 2),
(12, 4, 'asdasdsad', '2026-04-26 16:50:48', 'Gesendet', 1, 2),
(13, 4, 'asdadas', '2026-04-26 16:50:50', 'Gesendet', 1, 2),
(14, 4, 'sadsadas', '2026-04-26 16:50:52', 'Gesendet', 1, 2),
(15, 4, 'sadadas', '2026-04-26 16:50:54', 'Gesendet', 1, 2),
(16, 4, 'sadadsdas', '2026-04-26 16:50:56', 'Gesendet', 1, 2),
(17, 4, 'sadasdad', '2026-04-26 16:50:58', 'Gesendet', 1, 2),
(53, 3, 'asd', '2026-05-08 15:48:20', 'Gesendet', 1, 1);

-- --------------------------------------------------------

--
-- Tabellenstruktur für Tabelle `benutzer`
--

CREATE TABLE `benutzer` (
  `benutzer_id` int(11) NOT NULL,
  `name` varchar(255) NOT NULL,
  `nfc_karte_id` varchar(255) NOT NULL,
  `email` varchar(255) DEFAULT NULL,
  `profilbild` varchar(255) DEFAULT NULL,
  `sicherheitsfrage` varchar(255) DEFAULT NULL,
  `sicherheitsantwort` varchar(255) DEFAULT NULL
) ENGINE=InnoDB DEFAULT CHARSET=utf8mb4 COLLATE=utf8mb4_general_ci;

--
-- Daten für Tabelle `benutzer`
--

INSERT INTO `benutzer` (`benutzer_id`, `name`, `nfc_karte_id`, `email`, `profilbild`, `sicherheitsfrage`, `sicherheitsantwort`) VALUES
(1, 'Wessel de Koo', '', 'wessel.dekoo@spengergasse.at', NULL, NULL, NULL),
(2, 'Pascal Zierl', '', 'pascal.zierl@spengergasse.at', NULL, NULL, NULL),
(3, 'Patrik Alzo', '', 'patrik.alzo@spengergasse.at', NULL, NULL, NULL),
(4, 'Djole Dimitrijevic', '', 'djole.dimitrijevic@spengergasse.at', NULL, NULL, NULL),
(5, 'Reyna Rodas', '', 'reyna.rodas@spengergasse.at', NULL, NULL, NULL);

-- --------------------------------------------------------

--
-- Tabellenstruktur für Tabelle `benutzerprofile`
--

CREATE TABLE `benutzerprofile` (
  `profil_id` int(11) NOT NULL,
  `benutzer_id` int(11) DEFAULT NULL,
  `rolle` enum('Admin','Mitarbeiter','Manager') DEFAULT NULL,
  `eintrittsdatum` date DEFAULT NULL,
  `profilbild` varchar(255) DEFAULT NULL,
  `anstellungs_art_id` int(11) NOT NULL DEFAULT 1,
  `urlaubstage_gesamt` int(11) DEFAULT 25
) ENGINE=InnoDB DEFAULT CHARSET=utf8mb4 COLLATE=utf8mb4_general_ci;

--
-- Daten für Tabelle `benutzerprofile`
--

INSERT INTO `benutzerprofile` (`profil_id`, `benutzer_id`, `rolle`, `eintrittsdatum`, `profilbild`, `anstellungs_art_id`, `urlaubstage_gesamt`) VALUES
(1, 1, 'Admin', '2023-01-15', NULL, 1, 25),
(2, 2, 'Admin', '2026-01-05', NULL, 1, 25),
(3, 3, 'Mitarbeiter', '2024-05-20', NULL, 1, 25),
(4, 4, 'Mitarbeiter', '0000-00-00', NULL, 2, 25),
(5, 5, 'Manager', '2022-10-01', NULL, 1, 25);

-- --------------------------------------------------------

--
-- Tabellenstruktur für Tabelle `berichte`
--

CREATE TABLE `berichte` (
  `bericht_id` int(11) NOT NULL,
  `bericht_name` varchar(255) NOT NULL,
  `bericht_daten` text DEFAULT NULL,
  `erzeugt_am` datetime NOT NULL
) ENGINE=InnoDB DEFAULT CHARSET=utf8mb4 COLLATE=utf8mb4_general_ci;

--
-- Daten für Tabelle `berichte`
--

INSERT INTO `berichte` (`bericht_id`, `bericht_name`, `bericht_daten`, `erzeugt_am`) VALUES
(65, 'Bericht 01.03.2026 – 31.03.2026 (Patrik Alzo)', '{\"benutzer_id\":3,\"gesamtstunden\":\"89.25\",\"urlaub\":0,\"krank\":0}', '2026-05-11 22:15:09'),
(66, 'Bericht 01.02.2026 – 19.06.2026 (Pascal Zierl)', '{\"benutzer_id\":2,\"gesamtstunden\":\"523.90\",\"urlaub\":14,\"krank\":0}', '2026-05-11 22:15:35');

-- --------------------------------------------------------

--
-- Tabellenstruktur für Tabelle `feiertage`
--

CREATE TABLE `feiertage` (
  `feiertag_id` int(11) NOT NULL,
  `datum` date NOT NULL,
  `beschreibung` varchar(100) NOT NULL
) ENGINE=InnoDB DEFAULT CHARSET=utf8mb4 COLLATE=utf8mb4_general_ci;

--
-- Daten für Tabelle `feiertage`
--

INSERT INTO `feiertage` (`feiertag_id`, `datum`, `beschreibung`) VALUES
(15, '2026-01-01', 'Neujahr'),
(16, '2026-01-06', 'Heilige Drei Könige'),
(17, '2026-04-06', 'Ostermontag'),
(18, '2026-05-01', 'Staatsfeiertag'),
(19, '2026-05-14', 'Christi Himmelfahrt'),
(20, '2026-05-25', 'Pfingstmontag'),
(21, '2026-06-04', 'Fronleichnam'),
(22, '2026-08-15', 'Mariä Himmelfahrt'),
(23, '2026-10-26', 'Nationalfeiertag'),
(24, '2026-11-01', 'Allerheiligen'),
(25, '2026-12-08', 'Mariä Empfängnis'),
(26, '2026-12-25', 'Christtag'),
(27, '2026-12-26', 'Stefanitag'),
(28, '2027-01-01', 'Neujahr'),
(29, '2027-01-06', 'Heilige Drei Könige'),
(30, '2027-03-29', 'Ostermontag'),
(31, '2027-05-01', 'Staatsfeiertag'),
(32, '2027-05-06', 'Christi Himmelfahrt'),
(33, '2027-05-17', 'Pfingstmontag'),
(34, '2027-05-27', 'Fronleichnam'),
(35, '2027-08-15', 'Mariä Himmelfahrt'),
(36, '2027-10-26', 'Nationalfeiertag'),
(37, '2027-11-01', 'Allerheiligen'),
(38, '2027-12-08', 'Mariä Empfängnis'),
(39, '2027-12-25', 'Christtag'),
(40, '2027-12-26', 'Stefanitag');

-- --------------------------------------------------------

--
-- Tabellenstruktur für Tabelle `login_daten`
--

CREATE TABLE `login_daten` (
  `login_id` int(11) NOT NULL,
  `benutzer_id` int(11) NOT NULL,
  `benutzername` varchar(100) NOT NULL,
  `passwort_hash` varchar(255) NOT NULL,
  `letzter_login` datetime DEFAULT NULL
) ENGINE=InnoDB DEFAULT CHARSET=utf8mb4 COLLATE=utf8mb4_general_ci;

--
-- Daten für Tabelle `login_daten`
--

INSERT INTO `login_daten` (`login_id`, `benutzer_id`, `benutzername`, `passwort_hash`, `letzter_login`) VALUES
(6, 3, 'patrik', '$2y$10$Yi/nsdOlBKZGKh2XWHAmXOwHXmmbgiLVb2/SmLSP6dFh8jc2CweYK', '2026-05-11 22:11:42'),
(7, 4, 'djole', '$2a$12$dCDzCum.mKFhKWLM7nUoJOOKg10Ua/7bC5LO6A7qSoiOTQgE0TsVC', '2026-04-26 16:52:20'),
(8, 1, 'wessel', '$2y$10$v3x8kU440gsjFBl/2g5XXuKa65MvY7BDKgX/NVQFETd7T5DX4JcmK', '2026-06-01 00:13:17'),
(9, 2, 'pascal', '$2y$10$EpHrYE4aJb7G.GCf1Hvzg.nfBlepSY48neqerWnxvhUATQEzbmrr.', '2026-06-09 20:49:37'),
(10, 5, 'rodas', '$2a$12$RgAS8pMDGmtFexnfNKWdoOf1cLNtDKFYNbevRxf21MWmlLANLfRAG', '2025-10-11 15:22:50');

-- --------------------------------------------------------

--
-- Tabellenstruktur für Tabelle `passwort_reset_antraege`
--

CREATE TABLE `passwort_reset_antraege` (
  `antrag_id` int(11) NOT NULL,
  `benutzer_id` int(11) NOT NULL,
  `zeitstempel` datetime NOT NULL DEFAULT current_timestamp(),
  `status` enum('Ausstehend','Genehmigt','Abgelehnt') NOT NULL DEFAULT 'Ausstehend',
  `token` varchar(255) DEFAULT NULL
) ENGINE=InnoDB DEFAULT CHARSET=utf8mb4 COLLATE=utf8mb4_general_ci;

--
-- Daten für Tabelle `passwort_reset_antraege`
--

INSERT INTO `passwort_reset_antraege` (`antrag_id`, `benutzer_id`, `zeitstempel`, `status`, `token`) VALUES
(4, 3, '2025-10-11 14:24:45', 'Genehmigt', 'e0661b5fc3804acc48fd98a0a526e468b2139f83ff2d1512efb25d88097675f7'),
(5, 3, '2025-10-11 14:26:09', 'Genehmigt', 'cc35480d2585183ae9394e0bf68330dc907fb416e6cc3ee844d1abe3dd6a8ca9'),
(6, 3, '2025-10-11 14:33:18', 'Genehmigt', '3f0251c3789b3a153292ab542f7efe9d3d4e2b1b68aae68abd8e8bd0bb29857d'),
(7, 1, '2026-01-26 00:43:45', 'Abgelehnt', NULL),
(8, 2, '2026-01-26 00:46:22', 'Abgelehnt', NULL),
(9, 2, '2026-01-26 00:50:18', 'Abgelehnt', NULL),
(10, 2, '2026-01-26 00:50:49', '', NULL);

-- --------------------------------------------------------

--
-- Tabellenstruktur für Tabelle `pausen`
--

CREATE TABLE `pausen` (
  `pause_id` int(11) NOT NULL,
  `benutzer_id` int(11) NOT NULL,
  `anwesenheit_id` int(11) NOT NULL,
  `start_pause` datetime NOT NULL,
  `ende_pause` datetime DEFAULT NULL,
  `is_auto` tinyint(4) DEFAULT 0
) ENGINE=InnoDB DEFAULT CHARSET=utf8mb4 COLLATE=utf8mb4_general_ci;

--
-- Daten für Tabelle `pausen`
--

INSERT INTO `pausen` (`pause_id`, `benutzer_id`, `anwesenheit_id`, `start_pause`, `ende_pause`, `is_auto`) VALUES
(7, 1, 413, '2026-01-02 12:00:00', '2026-01-02 12:20:00', 0),
(8, 1, 415, '2026-01-05 12:30:00', '2026-01-05 12:55:00', 0),
(9, 1, 417, '2026-01-07 11:45:00', '2026-01-07 12:13:00', 0),
(10, 1, 419, '2026-01-08 12:00:00', '2026-01-08 12:30:00', 0),
(11, 1, 423, '2026-01-12 11:30:00', '2026-01-12 12:02:00', 0),
(12, 1, 425, '2026-01-13 12:00:00', '2026-01-13 12:35:00', 0),
(13, 1, 427, '2026-01-14 12:00:00', '2026-01-14 12:38:00', 0),
(14, 1, 429, '2026-01-15 12:30:00', '2026-01-15 13:10:00', 0),
(15, 1, 431, '2026-01-16 11:45:00', '2026-01-16 12:27:00', 0),
(16, 1, 435, '2026-01-20 12:15:00', '2026-01-20 13:00:00', 0),
(17, 1, 437, '2026-01-21 11:30:00', '2026-01-21 11:50:00', 0),
(18, 1, 439, '2026-01-22 12:00:00', '2026-01-22 12:30:00', 0),
(19, 1, 441, '2026-01-23 12:00:00', '2026-01-23 12:25:00', 0),
(20, 1, 443, '2026-01-26 12:30:00', '2026-01-26 13:05:00', 0),
(21, 1, 447, '2026-01-28 12:00:00', '2026-01-28 12:30:00', 0),
(22, 1, 449, '2026-01-29 12:15:00', '2026-01-29 12:43:00', 0),
(23, 1, 451, '2026-01-30 11:30:00', '2026-01-30 12:02:00', 0),
(24, 1, 453, '2026-02-02 12:00:00', '2026-02-02 12:25:00', 0),
(25, 1, 455, '2026-02-03 12:00:00', '2026-02-03 12:40:00', 0),
(26, 1, 459, '2026-02-05 11:45:00', '2026-02-05 12:15:00', 0),
(27, 1, 461, '2026-02-06 12:00:00', '2026-02-06 12:20:00', 0),
(28, 1, 463, '2026-02-09 12:15:00', '2026-02-09 12:40:00', 0),
(29, 1, 465, '2026-02-10 11:30:00', '2026-02-10 11:58:00', 0),
(30, 1, 467, '2026-02-11 12:00:00', '2026-02-11 12:30:00', 0),
(31, 1, 471, '2026-02-13 12:30:00', '2026-02-13 13:02:00', 0),
(32, 1, 473, '2026-02-16 11:45:00', '2026-02-16 12:20:00', 0),
(33, 1, 475, '2026-02-17 12:00:00', '2026-02-17 12:38:00', 0),
(34, 1, 477, '2026-02-18 12:15:00', '2026-02-18 12:55:00', 0),
(35, 1, 479, '2026-02-19 11:30:00', '2026-02-19 12:12:00', 0),
(36, 1, 483, '2026-02-23 12:00:00', '2026-02-23 12:45:00', 0),
(37, 1, 485, '2026-02-24 12:30:00', '2026-02-24 12:50:00', 0),
(38, 1, 487, '2026-02-25 11:45:00', '2026-02-25 12:15:00', 0),
(39, 1, 489, '2026-02-26 12:00:00', '2026-02-26 12:25:00', 0),
(40, 1, 491, '2026-02-27 12:15:00', '2026-02-27 12:50:00', 0),
(41, 1, 396, '2026-03-03 12:00:00', '2026-03-03 12:30:00', 0),
(42, 1, 397, '2026-03-04 11:00:00', '2026-03-04 11:28:00', 0),
(43, 1, 398, '2026-03-05 12:00:00', '2026-03-05 12:32:00', 0),
(44, 1, 494, '2026-03-06 11:45:00', '2026-03-06 12:10:00', 0),
(45, 1, 496, '2026-03-09 12:00:00', '2026-03-09 12:40:00', 0),
(46, 1, 500, '2026-03-11 11:30:00', '2026-03-11 12:00:00', 0),
(47, 1, 502, '2026-03-12 12:00:00', '2026-03-12 12:20:00', 0),
(48, 1, 504, '2026-03-13 12:00:00', '2026-03-13 12:25:00', 0),
(49, 1, 506, '2026-03-16 12:30:00', '2026-03-16 12:58:00', 0),
(50, 1, 508, '2026-03-17 11:45:00', '2026-03-17 12:15:00', 0),
(51, 1, 512, '2026-03-19 12:15:00', '2026-03-19 12:47:00', 0),
(52, 1, 514, '2026-03-20 11:30:00', '2026-03-20 12:05:00', 0),
(53, 2, 414, '2026-01-02 12:00:00', '2026-01-02 12:38:00', 0),
(54, 2, 416, '2026-01-05 12:30:00', '2026-01-05 13:10:00', 0),
(55, 2, 418, '2026-01-07 11:45:00', '2026-01-07 12:27:00', 0),
(56, 2, 420, '2026-01-08 12:00:00', '2026-01-08 12:45:00', 0),
(57, 2, 424, '2026-01-12 11:30:00', '2026-01-12 11:50:00', 0),
(58, 2, 426, '2026-01-13 12:00:00', '2026-01-13 12:30:00', 0),
(59, 2, 428, '2026-01-14 12:00:00', '2026-01-14 12:25:00', 0),
(61, 2, 432, '2026-01-16 11:45:00', '2026-01-16 12:15:00', 0),
(62, 2, 436, '2026-01-20 12:15:00', '2026-01-20 12:43:00', 0),
(63, 2, 438, '2026-01-21 11:30:00', '2026-01-21 12:02:00', 0),
(64, 2, 440, '2026-01-22 12:00:00', '2026-01-22 12:25:00', 0),
(65, 2, 442, '2026-01-23 12:00:00', '2026-01-23 12:40:00', 0),
(66, 2, 444, '2026-01-26 12:30:00', '2026-01-26 13:00:00', 0),
(67, 2, 448, '2026-01-28 12:00:00', '2026-01-28 12:20:00', 0),
(68, 2, 450, '2026-01-29 12:15:00', '2026-01-29 12:40:00', 0),
(69, 2, 452, '2026-01-30 11:30:00', '2026-01-30 11:58:00', 0),
(70, 2, 454, '2026-02-02 12:00:00', '2026-02-02 12:30:00', 0),
(71, 2, 456, '2026-02-03 12:00:00', '2026-02-03 12:32:00', 0),
(72, 2, 460, '2026-02-05 11:45:00', '2026-02-05 12:20:00', 0),
(73, 2, 462, '2026-02-06 12:00:00', '2026-02-06 12:38:00', 0),
(74, 2, 464, '2026-02-09 12:15:00', '2026-02-09 12:55:00', 0),
(75, 2, 466, '2026-02-10 11:30:00', '2026-02-10 12:12:00', 0),
(76, 2, 468, '2026-02-11 12:00:00', '2026-02-11 12:45:00', 0),
(77, 2, 472, '2026-02-13 12:30:00', '2026-02-13 12:50:00', 0),
(78, 2, 474, '2026-02-16 11:45:00', '2026-02-16 12:15:00', 0),
(79, 2, 476, '2026-02-17 12:00:00', '2026-02-17 12:25:00', 0),
(80, 2, 478, '2026-02-18 12:15:00', '2026-02-18 12:50:00', 0),
(81, 2, 480, '2026-02-19 11:30:00', '2026-02-19 12:00:00', 0),
(82, 2, 484, '2026-02-23 12:00:00', '2026-02-23 12:28:00', 0),
(83, 2, 486, '2026-02-24 12:30:00', '2026-02-24 13:02:00', 0),
(84, 2, 488, '2026-02-25 11:45:00', '2026-02-25 12:10:00', 0),
(85, 2, 490, '2026-02-26 12:00:00', '2026-02-26 12:40:00', 0),
(86, 2, 492, '2026-02-27 12:15:00', '2026-02-27 12:45:00', 0),
(87, 2, 400, '2026-03-03 12:00:00', '2026-03-03 12:20:00', 0),
(88, 2, 401, '2026-03-04 12:00:00', '2026-03-04 12:25:00', 0),
(89, 2, 493, '2026-03-05 12:30:00', '2026-03-05 12:58:00', 0),
(90, 2, 495, '2026-03-06 11:45:00', '2026-03-06 12:15:00', 0),
(91, 2, 497, '2026-03-09 12:00:00', '2026-03-09 12:32:00', 0),
(92, 2, 501, '2026-03-11 11:30:00', '2026-03-11 12:05:00', 0),
(93, 2, 503, '2026-03-12 12:00:00', '2026-03-12 12:38:00', 0),
(94, 2, 505, '2026-03-13 12:00:00', '2026-03-13 12:40:00', 0),
(95, 2, 507, '2026-03-16 12:30:00', '2026-03-16 13:12:00', 0),
(96, 2, 509, '2026-03-17 11:45:00', '2026-03-17 12:30:00', 0),
(97, 2, 513, '2026-03-19 12:15:00', '2026-03-19 12:35:00', 0),
(98, 2, 515, '2026-03-20 11:30:00', '2026-03-20 12:00:00', 0),
(103, 2, 533, '2026-04-20 12:00:00', '2026-04-20 12:30:00', 0),
(108, 1, 519, '2026-03-25 12:00:00', '2026-03-25 12:30:00', 0),
(109, 1, 520, '2026-03-26 12:00:00', '2026-03-26 12:30:00', 0),
(110, 2, 688, '2026-03-23 12:00:00', '2026-03-23 12:30:00', 0),
(111, 2, 689, '2026-03-24 12:00:00', '2026-03-24 12:30:00', 0),
(112, 2, 690, '2026-03-25 12:00:00', '2026-03-25 12:30:00', 0),
(113, 2, 691, '2026-03-26 12:00:00', '2026-03-26 12:30:00', 0),
(114, 2, 692, '2026-03-27 12:00:00', '2026-03-27 12:30:00', 0),
(115, 2, 693, '2026-03-30 12:00:00', '2026-03-30 12:30:00', 0),
(116, 2, 694, '2026-03-31 12:00:00', '2026-03-31 12:30:00', 0),
(117, 2, 695, '2026-04-01 12:00:00', '2026-04-01 12:30:00', 0),
(118, 2, 696, '2026-04-02 12:00:00', '2026-04-02 12:30:00', 0),
(119, 2, 697, '2026-04-07 12:00:00', '2026-04-07 12:30:00', 0),
(120, 2, 698, '2026-04-08 12:00:00', '2026-04-08 12:30:00', 0),
(121, 2, 699, '2026-04-09 12:00:00', '2026-04-09 12:30:00', 0),
(122, 2, 700, '2026-04-10 12:00:00', '2026-04-10 12:30:00', 0),
(123, 2, 701, '2026-04-13 12:00:00', '2026-04-13 12:30:00', 0),
(124, 2, 702, '2026-04-14 12:00:00', '2026-04-14 12:30:00', 0),
(125, 2, 703, '2026-04-15 12:00:00', '2026-04-15 12:30:00', 0),
(126, 2, 704, '2026-04-16 12:00:00', '2026-04-16 12:30:00', 0),
(127, 2, 705, '2026-04-17 12:00:00', '2026-04-17 12:30:00', 0),
(129, 2, 707, '2026-04-21 12:00:00', '2026-04-21 12:30:00', 0),
(130, 2, 708, '2026-04-22 12:00:00', '2026-04-22 12:30:00', 0),
(131, 1, 709, '2026-03-23 12:00:00', '2026-03-23 12:30:00', 0),
(132, 1, 710, '2026-03-24 12:00:00', '2026-03-24 12:30:00', 0),
(133, 1, 711, '2026-03-25 12:00:00', '2026-03-25 12:30:00', 0),
(134, 1, 712, '2026-03-26 12:00:00', '2026-03-26 12:30:00', 0),
(135, 1, 713, '2026-03-27 12:00:00', '2026-03-27 12:30:00', 0),
(136, 1, 714, '2026-03-30 12:00:00', '2026-03-30 12:30:00', 0),
(137, 1, 715, '2026-03-31 12:00:00', '2026-03-31 12:30:00', 0),
(138, 1, 716, '2026-04-01 12:00:00', '2026-04-01 12:30:00', 0),
(139, 1, 717, '2026-04-02 12:00:00', '2026-04-02 12:30:00', 0),
(140, 1, 718, '2026-04-07 12:00:00', '2026-04-07 12:30:00', 0),
(141, 1, 719, '2026-04-08 12:00:00', '2026-04-08 12:30:00', 0),
(142, 1, 720, '2026-04-09 12:00:00', '2026-04-09 12:30:00', 0),
(143, 1, 721, '2026-04-10 12:00:00', '2026-04-10 12:30:00', 0),
(144, 1, 722, '2026-04-13 12:00:00', '2026-04-13 12:30:00', 0),
(145, 1, 723, '2026-04-14 12:00:00', '2026-04-14 12:30:00', 0),
(146, 1, 724, '2026-04-15 12:00:00', '2026-04-15 12:30:00', 0),
(147, 1, 725, '2026-04-16 12:00:00', '2026-04-16 12:30:00', 0),
(148, 1, 726, '2026-04-17 12:00:00', '2026-04-17 12:30:00', 0),
(149, 1, 727, '2026-04-20 12:00:00', '2026-04-20 12:30:00', 0),
(150, 1, 728, '2026-04-21 12:00:00', '2026-04-21 12:30:00', 0),
(151, 1, 729, '2026-04-22 12:00:00', '2026-04-22 12:30:00', 0),
(171, 1, 730, '2026-04-03 12:00:00', '2026-04-03 12:30:00', 0),
(174, 1, 730, '2026-04-03 12:00:00', '2026-04-03 12:30:00', 0),
(176, 1, 732, '2026-04-03 12:00:00', '2026-04-03 12:30:00', 0),
(177, 2, 733, '2026-04-03 12:00:00', '2026-04-03 12:30:00', 0),
(181, 4, 745, '2026-04-24 18:59:32', '2026-04-24 18:59:42', 0),
(215, 2, 779, '2026-05-11 12:00:00', '2026-05-11 12:30:00', 0),
(216, 2, 780, '2026-05-12 12:00:00', '2026-05-12 12:30:00', 0),
(235, 2, 823, '2026-04-27 16:00:00', '2026-04-27 16:30:00', 1),
(236, 2, 825, '2026-04-28 14:00:00', '2026-04-28 14:30:00', 1),
(237, 2, 399, '2026-03-02 14:00:00', '2026-03-02 14:30:00', 1),
(238, 2, 422, '2026-01-09 14:15:00', '2026-01-09 14:45:00', 1),
(239, 2, 434, '2026-01-19 14:00:00', '2026-01-19 14:30:00', 1),
(240, 2, 446, '2026-01-27 13:45:00', '2026-01-27 14:15:00', 1),
(241, 2, 458, '2026-02-04 14:30:00', '2026-02-04 15:00:00', 1),
(242, 2, 470, '2026-02-12 14:00:00', '2026-02-12 14:30:00', 1),
(243, 2, 482, '2026-02-20 14:00:00', '2026-02-20 14:30:00', 1),
(244, 2, 499, '2026-03-10 14:15:00', '2026-03-10 14:45:00', 1),
(245, 2, 511, '2026-03-18 14:00:00', '2026-03-18 14:30:00', 1),
(252, 1, 395, '2026-03-02 14:00:00', '2026-03-02 14:30:00', 1),
(253, 1, 421, '2026-01-09 14:15:00', '2026-01-09 14:45:00', 1),
(254, 1, 433, '2026-01-19 14:00:00', '2026-01-19 14:30:00', 1),
(255, 1, 445, '2026-01-27 13:45:00', '2026-01-27 14:15:00', 1),
(256, 1, 457, '2026-02-04 14:30:00', '2026-02-04 15:00:00', 1),
(257, 1, 469, '2026-02-12 14:00:00', '2026-02-12 14:30:00', 1),
(258, 1, 481, '2026-02-20 14:00:00', '2026-02-20 14:30:00', 1),
(259, 1, 498, '2026-03-10 14:15:00', '2026-03-10 14:45:00', 1),
(260, 1, 510, '2026-03-18 14:00:00', '2026-03-18 14:30:00', 1),
(261, 4, 803, '2026-05-04 14:00:00', '2026-05-04 14:30:00', 1);

-- --------------------------------------------------------

--
-- Tabellenstruktur für Tabelle `wartungsprotokolle`
--

CREATE TABLE `wartungsprotokolle` (
  `wartung_id` int(11) NOT NULL,
  `start_zeitpunkt` datetime NOT NULL,
  `ende_zeitpunkt` datetime NOT NULL,
  `beschreibung` text DEFAULT NULL,
  `durchgefuehrt_von` varchar(255) DEFAULT NULL
) ENGINE=InnoDB DEFAULT CHARSET=utf8mb4 COLLATE=utf8mb4_general_ci;

--
-- Daten für Tabelle `wartungsprotokolle`
--

INSERT INTO `wartungsprotokolle` (`wartung_id`, `start_zeitpunkt`, `ende_zeitpunkt`, `beschreibung`, `durchgefuehrt_von`) VALUES
(5, '2026-02-24 12:32:00', '2026-02-24 12:32:00', 'Tägliches Backup erfolgreich durchgeführt.', 'Wessel'),
(6, '2025-10-11 12:32:00', '2025-10-11 12:32:00', 'Sicherheits-Patch für PHP-Bibliotheken eingespielt.', 'Pascal'),
(12, '2026-04-20 00:00:00', '2026-04-21 00:00:00', 'asdasdas', 'Pascal Zierl');

--
-- Indizes der exportierten Tabellen
--

--
-- Indizes für die Tabelle `abwesenheiten`
--
ALTER TABLE `abwesenheiten`
  ADD PRIMARY KEY (`abwesenheit_id`),
  ADD KEY `benutzer_id` (`benutzer_id`);

--
-- Indizes für die Tabelle `anstellungsarten`
--
ALTER TABLE `anstellungsarten`
  ADD PRIMARY KEY (`art_id`),
  ADD UNIQUE KEY `bezeichnung` (`bezeichnung`);

--
-- Indizes für die Tabelle `anstellungsart_verlauf`
--
ALTER TABLE `anstellungsart_verlauf`
  ADD PRIMARY KEY (`verlauf_id`),
  ADD KEY `idx_v` (`benutzer_id`,`gueltig_ab`);

--
-- Indizes für die Tabelle `anwesenheitsaufzeichnungen`
--
ALTER TABLE `anwesenheitsaufzeichnungen`
  ADD PRIMARY KEY (`anwesenheit_id`),
  ADD KEY `benutzer_id` (`benutzer_id`);

--
-- Indizes für die Tabelle `benachrichtigungen`
--
ALTER TABLE `benachrichtigungen`
  ADD PRIMARY KEY (`benachrichtigung_id`),
  ADD KEY `benutzer_id` (`benutzer_id`);

--
-- Indizes für die Tabelle `benutzer`
--
ALTER TABLE `benutzer`
  ADD PRIMARY KEY (`benutzer_id`);

--
-- Indizes für die Tabelle `benutzerprofile`
--
ALTER TABLE `benutzerprofile`
  ADD PRIMARY KEY (`profil_id`),
  ADD KEY `benutzer_id` (`benutzer_id`);

--
-- Indizes für die Tabelle `berichte`
--
ALTER TABLE `berichte`
  ADD PRIMARY KEY (`bericht_id`);

--
-- Indizes für die Tabelle `feiertage`
--
ALTER TABLE `feiertage`
  ADD PRIMARY KEY (`feiertag_id`),
  ADD UNIQUE KEY `datum` (`datum`);

--
-- Indizes für die Tabelle `login_daten`
--
ALTER TABLE `login_daten`
  ADD PRIMARY KEY (`login_id`),
  ADD UNIQUE KEY `benutzer_id` (`benutzer_id`),
  ADD UNIQUE KEY `benutzername` (`benutzername`);

--
-- Indizes für die Tabelle `passwort_reset_antraege`
--
ALTER TABLE `passwort_reset_antraege`
  ADD PRIMARY KEY (`antrag_id`),
  ADD KEY `benutzer_id` (`benutzer_id`);

--
-- Indizes für die Tabelle `pausen`
--
ALTER TABLE `pausen`
  ADD PRIMARY KEY (`pause_id`),
  ADD KEY `bid` (`benutzer_id`),
  ADD KEY `aid` (`anwesenheit_id`);

--
-- Indizes für die Tabelle `wartungsprotokolle`
--
ALTER TABLE `wartungsprotokolle`
  ADD PRIMARY KEY (`wartung_id`);

--
-- AUTO_INCREMENT für exportierte Tabellen
--

--
-- AUTO_INCREMENT für Tabelle `abwesenheiten`
--
ALTER TABLE `abwesenheiten`
  MODIFY `abwesenheit_id` int(11) NOT NULL AUTO_INCREMENT, AUTO_INCREMENT=39;

--
-- AUTO_INCREMENT für Tabelle `anstellungsarten`
--
ALTER TABLE `anstellungsarten`
  MODIFY `art_id` int(11) NOT NULL AUTO_INCREMENT, AUTO_INCREMENT=5;

--
-- AUTO_INCREMENT für Tabelle `anstellungsart_verlauf`
--
ALTER TABLE `anstellungsart_verlauf`
  MODIFY `verlauf_id` int(11) NOT NULL AUTO_INCREMENT, AUTO_INCREMENT=16;

--
-- AUTO_INCREMENT für Tabelle `anwesenheitsaufzeichnungen`
--
ALTER TABLE `anwesenheitsaufzeichnungen`
  MODIFY `anwesenheit_id` int(11) NOT NULL AUTO_INCREMENT, AUTO_INCREMENT=826;

--
-- AUTO_INCREMENT für Tabelle `benachrichtigungen`
--
ALTER TABLE `benachrichtigungen`
  MODIFY `benachrichtigung_id` int(11) NOT NULL AUTO_INCREMENT, AUTO_INCREMENT=54;

--
-- AUTO_INCREMENT für Tabelle `benutzer`
--
ALTER TABLE `benutzer`
  MODIFY `benutzer_id` int(11) NOT NULL AUTO_INCREMENT, AUTO_INCREMENT=208;

--
-- AUTO_INCREMENT für Tabelle `benutzerprofile`
--
ALTER TABLE `benutzerprofile`
  MODIFY `profil_id` int(11) NOT NULL AUTO_INCREMENT, AUTO_INCREMENT=16;

--
-- AUTO_INCREMENT für Tabelle `berichte`
--
ALTER TABLE `berichte`
  MODIFY `bericht_id` int(11) NOT NULL AUTO_INCREMENT, AUTO_INCREMENT=67;

--
-- AUTO_INCREMENT für Tabelle `feiertage`
--
ALTER TABLE `feiertage`
  MODIFY `feiertag_id` int(11) NOT NULL AUTO_INCREMENT, AUTO_INCREMENT=41;

--
-- AUTO_INCREMENT für Tabelle `login_daten`
--
ALTER TABLE `login_daten`
  MODIFY `login_id` int(11) NOT NULL AUTO_INCREMENT, AUTO_INCREMENT=15;

--
-- AUTO_INCREMENT für Tabelle `passwort_reset_antraege`
--
ALTER TABLE `passwort_reset_antraege`
  MODIFY `antrag_id` int(11) NOT NULL AUTO_INCREMENT, AUTO_INCREMENT=25;

--
-- AUTO_INCREMENT für Tabelle `pausen`
--
ALTER TABLE `pausen`
  MODIFY `pause_id` int(11) NOT NULL AUTO_INCREMENT, AUTO_INCREMENT=262;

--
-- AUTO_INCREMENT für Tabelle `wartungsprotokolle`
--
ALTER TABLE `wartungsprotokolle`
  MODIFY `wartung_id` int(11) NOT NULL AUTO_INCREMENT, AUTO_INCREMENT=14;

--
-- Constraints der exportierten Tabellen
--

--
-- Constraints der Tabelle `abwesenheiten`
--
ALTER TABLE `abwesenheiten`
  ADD CONSTRAINT `abwesenheiten_ibfk_1` FOREIGN KEY (`benutzer_id`) REFERENCES `benutzer` (`benutzer_id`);

--
-- Constraints der Tabelle `anwesenheitsaufzeichnungen`
--
ALTER TABLE `anwesenheitsaufzeichnungen`
  ADD CONSTRAINT `anwesenheitsaufzeichnungen_ibfk_1` FOREIGN KEY (`benutzer_id`) REFERENCES `benutzer` (`benutzer_id`);

--
-- Constraints der Tabelle `benachrichtigungen`
--
ALTER TABLE `benachrichtigungen`
  ADD CONSTRAINT `benachrichtigungen_ibfk_1` FOREIGN KEY (`benutzer_id`) REFERENCES `benutzer` (`benutzer_id`);

--
-- Constraints der Tabelle `benutzerprofile`
--
ALTER TABLE `benutzerprofile`
  ADD CONSTRAINT `benutzerprofile_ibfk_1` FOREIGN KEY (`benutzer_id`) REFERENCES `benutzer` (`benutzer_id`);

--
-- Constraints der Tabelle `login_daten`
--
ALTER TABLE `login_daten`
  ADD CONSTRAINT `login_daten_ibfk_1` FOREIGN KEY (`benutzer_id`) REFERENCES `benutzer` (`benutzer_id`) ON DELETE CASCADE;

--
-- Constraints der Tabelle `passwort_reset_antraege`
--
ALTER TABLE `passwort_reset_antraege`
  ADD CONSTRAINT `passwort_reset_antraege_ibfk_1` FOREIGN KEY (`benutzer_id`) REFERENCES `benutzer` (`benutzer_id`);

--
-- Constraints der Tabelle `pausen`
--
ALTER TABLE `pausen`
  ADD CONSTRAINT `pausen_ibfk_1` FOREIGN KEY (`benutzer_id`) REFERENCES `benutzer` (`benutzer_id`) ON DELETE CASCADE,
  ADD CONSTRAINT `pausen_ibfk_2` FOREIGN KEY (`anwesenheit_id`) REFERENCES `anwesenheitsaufzeichnungen` (`anwesenheit_id`) ON DELETE CASCADE;
COMMIT;

/*!40101 SET CHARACTER_SET_CLIENT=@OLD_CHARACTER_SET_CLIENT */;
/*!40101 SET CHARACTER_SET_RESULTS=@OLD_CHARACTER_SET_RESULTS */;
/*!40101 SET COLLATION_CONNECTION=@OLD_COLLATION_CONNECTION */;
